formula,A1,A2,B,X,Eg,direct,dHf,dHd
RbCsTi2Br6,Rb,Cs,Ti,Br,0.0,False,-1.4666292500000004,0.13752691920675675
RbCsSr2Br6,Rb,,Sr,F,4.3373,True,-2.20246,-0.0016466377752504258
RbCsMn2I6,Rb,Cs,Mn,I,0.8361000000000001,False,-0.9287165000000002,0.074314734548945
RbCsCo2I6,Rb,Cs,Co,I,0.0,False,-0.5796780000000001,0.20601204395699035
RbCsMg2Cl6,Rb,Cs,Mg,Cl,3.9999999999999996,True,-2.13223525,0.012251963079807915
RbCsCa2Cl6,Rb,Cs,Ca,Cl,5.2721,False,-2.4852612499999998,-0.0005342500000002914
RbMnI3,Rb,,Mn,I,0.7909999999999999,True,-0.9086470000000005,0.07664618921561317
RbCoI3,Rb,,Co,I,0.0,False,-0.5777890000000003,0.19476406079032405
CsCaF3,Cs,,Ca,F,6.8727,True,-3.6935174999999996,-0.004303775521332653
CsCoF3,Cs,,Co,F,0.2764000000000002,False,-2.2981439999999993,0.06289092885365921
NaKCo2F6,Na,K,Co,F,0.08650000000000002,False,-2.3479339999999995,0.03018918439716245
NaKZn2F6,Na,K,Zn,F,3.6943,True,-2.709167,0.04410421406382792
RbCsCr2Cl6,Rb,Cs,Cr,Cl,0.0,False,-1.606309249999999,0.05360923170480891
RbCsCd2Cl6,Rb,Cs,Cd,Cl,1.8865,True,-1.6521027500000003,0.031667188038138505
RbCsPb2Cl6,Rb,Cs,Pb,Cl,2.7211000000000003,True,-1.7136622499999998,0.01108161870003821
RbCoBr3,Rb,,Co,Br,0.0,False,-0.9677317500000001,0.14426606586616586
RbCuBr3,Rb,,Cu,Br,0.0,False,-1.0835125,-0.005469789550498039
RbCsMn2Cl6,Rb,Cs,Mn,Cl,1.2507,False,-1.6718380000000004,0.020493287266458715
RbMgCl3,Rb,,Mg,Cl,4.0929,True,-2.1234287499999995,0.01018605220480584
RbCoCl3,Rb,,Co,Cl,0.061900000000000066,False,-1.25946875,0.1181291353714693
KCsCa2Cl6,K,Cs,Ca,Cl,5.2355,True,-2.4716720000000003,0.00543154618573416
KCsMn2Cl6,K,Cs,Mn,Cl,1.2256999999999998,True,-1.6584655000000006,0.023900100721003348
KMnCl3,K,,Mn,Cl,1.2947999999999997,True,-1.645866000000001,0.01860863663009571
KNiCl3,K,,Ni,Cl,0.0,False,-1.2802902499999995,0.08348236237147422
RbCsCr2Br6,Rb,Cs,Cr,Br,0.0,False,-1.3043257500000003,0.046700677949504055
RbCsMn2Br6,Rb,Cs,Mn,Br,0.9435000000000002,False,-1.36865775,0.04574681308312023
RbCsNi2F6,Rb,Cs,Ni,F,0.4113,False,-2.2841400000000003,0.07198593147866283
RbCsPb2F6,Rb,Cs,Pb,F,3.4956000000000005,True,-2.7165760000000003,0.017809241739331405
RbCsSr2Cl6,Rb,Cs,Sr,Cl,5.1164,True,-2.5073377500000005,-0.00023956231426369712
CsCaI3,Cs,,Ca,I,3.9318,False,-1.71202,0.005650819456991307
CsBaI3,Cs,,Ba,I,3.8598,True,-1.7943687499999998,0.01830776745699314
RbCsCo2Br6,Rb,Cs,Co,Br,0.0,False,-0.9790307500000004,0.14290612326894392
RbCsCd2Br6,Rb,Cs,Cd,Br,1.1109,False,-1.3951377500000004,0.06776489444950196
KMgCl3,K,,Mg,Cl,4.536300000000001,True,-2.1084405,0.013533433204807821
KVCl3,K,,V,Cl,0.4064000000000001,False,-1.6492352499999996,0.025690766371473828
CsCaCl3,Cs,,Ca,Cl,5.2872,True,-2.5058319999999994,-0.009560086628524811
CsCrCl3,Cs,,Cr,Cl,0.0,False,-1.6131562500000007,0.06068890970480734
CsCaBr3,Cs,,Ca,Br,4.3301,True,-2.18027625,-0.0026997605505028055
CsCdBr3,Cs,,Cd,Br,0.6788,True,-1.4126045,0.06229468294949969
CsMnCl3,Cs,,Mn,Cl,1.254,True,-1.6827934999999996,0.01669603485736726
CsSnCl3,Cs,,Sn,Cl,1.2923,True,-1.6674252500000002,0.0035004864083778564
RbCsMg2F6,Rb,Cs,Mg,F,6.7010000000000005,False,-3.42933425,0.04419182318699377
RbCsMn2F6,Rb,Cs,Mn,F,1.8625000000000003,False,-2.771349,0.0044863646186401596
KMnF3,K,,Mn,F,1.4369,True,-2.78531075,0.013144214570615098
KZnF3,K,,Zn,F,3.6168,True,-2.7371287500000006,0.034477837978664105
KCsCo2Cl6,K,Cs,Co,Cl,0.17989999999999995,False,-1.2543017500000004,0.12059506012147292
KCsCd2Cl6,K,Cs,Cd,Cl,2.0347999999999997,False,-1.6408445,0.041297316496470504
KRbMg2F6,K,Rb,Mg,F,6.8972,True,-3.4865359999999996,0.006553646311994399
KRbCa2F6,K,Rb,Ca,F,6.352399999999999,True,-3.67646125,0.012735252239330919
RbCsCa2Br6,Rb,Cs,Ca,Br,4.3530999999999995,False,-2.1606200000000007,0.00021437122475020942
CsMnI3,Cs,,Mn,I,0.16130000000000022,True,-0.9476577500000001,0.07311152988227487
CsSnI3,Cs,,Sn,I,0.6917999999999997,True,-1.0452212500000002,0.019085305827231114
NaKCo2Cl6,Na,K,Co,Cl,0.0,False,-1.208535,0.11884873795664008
NaKCu2Cl6,Na,K,Cu,Cl,0.0,False,-1.2584535000000003,0.019046198456638574
KCsMg2Cl6,K,Cs,Mg,Cl,4.037599999999999,True,-2.11986775,0.018799028579808308
KRbCa2Cl6,K,Rb,Ca,Cl,5.2864,True,-2.4611814999999995,-0.005182953814264923
KRbMn2Cl6,K,Rb,Mn,Cl,1.2696,True,-1.6504255,0.024781853130098064
KRbCo2Br6,K,Rb,Co,Br,0.0,False,-0.9598715000000005,0.14101022032450095
KRbCu2Br6,K,Rb,Cu,Br,0.0,False,-1.0707504999999997,0.010008029724750678
KRbCo2Cl6,K,Rb,Co,Cl,0.14189999999999992,False,-1.2518837499999997,0.10974032487147278
KRbCu2Cl6,K,Rb,Cu,Cl,0.018299999999999983,False,-1.3322724999999997,-0.022087225295194912
CsCrBr3,Cs,,Cr,Br,0.0,False,-1.31926275,0.06206013011617184
RbMgI3,Rb,,Mg,I,1.9315999999999998,True,-1.2883682499999998,0.057530208790325776
RbCsV2Cl6,Rb,Cs,V,Cl,0.08230000000000004,False,-1.6513639999999987,0.0528028468714723
RbCsSn2Cl6,Rb,Cs,Sn,Cl,1.747,True,-1.6492437499999995,0.008874740241711976
CsMgCl3,Cs,,Mg,Cl,3.9312,True,-2.14187075,0.013488873954806913
CsSrCl3,Cs,,Sr,Cl,5.0814,False,-2.5209222500000004,-0.013510368628524727
RbMnCl3,Rb,,Mn,Cl,1.0145999999999997,True,-1.6564340000000002,0.026519660130092326
RbSnCl3,Rb,,Sn,Cl,2.0445,True,-1.63761225,0.007250640741712999
KRbV2Cl6,K,Rb,V,Cl,0.31369999999999987,False,-1.646718750000001,0.028339834371474026
KCsCr2Cl6,K,Cs,Cr,Cl,0.0,False,-1.592325000000001,0.04583895203813704
KCoF3,K,,Co,F,0.0,False,-2.37308525,0.021316046645332598
KCuF3,K,,Cu,F,0.0,False,-2.3110352499999998,-0.022290873854670323
KCsV2Cl6,K,Cs,V,Cl,0.1741999999999999,False,-1.6457612499999996,0.05827302887147212
KCaCl3,K,,Ca,Cl,5.0388,False,-2.4330369999999997,0.015338092371471213
KCrCl3,K,,Cr,Cl,0.0,False,-1.5778599999999998,0.024622744371470162
KCuCl3,K,,Cu,Cl,0.0,False,-1.3012922499999995,0.00017147337146905528
KRbCd2Cl6,K,Rb,Cd,Cl,2.1914,True,-1.6310439999999997,0.04024150395480541
RbCaCl3,Rb,,Ca,Cl,5.1056,True,-2.463622,-0.003285316628525603
RbVCl3,Rb,,V,Cl,0.23059999999999992,False,-1.6468975000000001,0.028293652371473854
KCsMn2I6,K,Cs,Mn,I,0.8679000000000001,False,-0.9203789999999998,0.07665280954894405
KCsCo2I6,K,Cs,Co,I,0.0,False,-0.5701117500000003,0.21223238745699025
RbCsCo2F6,Rb,Cs,Co,F,0.11630000000000029,False,-2.3271450000000007,0.03126120256199538
RbCsCd2F6,Rb,,Cd,F,3.1799,False,-2.6400075000000003,0.01874901697865905
CsCoCl3,Cs,,Co,Cl,0.29200000000000004,False,-1.26780975,0.13633360587147214
CsNiCl3,Cs,,Ni,Cl,0.0,False,-1.277187,0.0982874753714742
RbCdCl3,Rb,,Cd,Cl,2.0769,True,-1.638908,0.031302464704808575
CsMnBr3,Cs,,Mn,Br,0.9206999999999999,True,-1.3798705000000004,0.06239528545811712
CsSnBr3,Cs,,Sn,Br,0.7084999999999999,True,-1.420606,0.0035848138197431823
CsCuCl3,Cs,,Cu,Cl,0.0,False,-1.32875825,0.011922224704800755
CsPbCl3,Cs,,Pb,Cl,2.5386,True,-1.7348590000000002,-0.0006055836285261407
KNiF3,K,,Ni,F,0.4910000000000001,True,-2.3437709999999994,0.03427458114533355
KRbCd2Br6,K,Rb,Cd,Br,1.6235,False,-1.3759777499999999,0.06301083094950233
RbCsCu2F6,Rb,Cs,Cu,F,0.0,False,-2.2665957500000005,0.007682874999999534
RbCrCl3,Rb,,Cr,Cl,0.0,False,-1.5957452500000002,0.050246553704807795
CsPdI3,Cs,,Pd,I,0.18110000000000004,True,-0.8297574999999998,0.0554302667069857
KRbMg2Cl6,K,Rb,Mg,Cl,4.1819,True,-2.1127914999999997,0.01500286770480841
RbCoF3,Rb,,Co,F,0.0,False,-2.3510925,0.004297623061994216
RbZnF3,Rb,,Zn,F,3.6073,True,-2.7175814999999997,0.027264173603658293
CsMgBr3,Cs,,Mg,Br,2.4836,True,-1.8039625000000001,0.03480043519950016
CsBaBr3,Cs,,Ba,Br,4.1829,True,-2.22089875,0.03907460444950539
KRbCa2Br6,K,Rb,Ca,Br,4.5947,True,-2.1396182500000003,0.001755166949503284
KRbCr2Br6,K,Rb,Cr,Br,0.0,False,-1.2749307500000007,0.04578015028283655
KRbPb2Br6,K,Rb,Pb,Br,2.3707,True,-1.433029,0.03367703994949878
CsZnF3,Cs,,Zn,F,3.5891,True,-2.672982,0.07113893810365868
CsSrF3,Cs,,Sr,F,6.1353,False,-3.63880325,0.017999991478660604
KCsMg2Br6,K,Cs,Mg,Br,2.6922,True,-1.7721575,0.04825572990783522
KCsCo2Br6,K,Cs,Co,Br,0.0,False,-0.9658617499999999,0.1449590277272792
CsCoBr3,Cs,,Co,Br,0.0,False,-0.9919702499999999,0.1399056806717227
KRbNi2Cl6,K,Rb,Ni,Cl,0.0,False,-1.2864292499999999,0.07533596287147404
RbMnF3,Rb,,Mn,F,1.6926999999999999,False,-2.7842297500000006,-0.012441479096048091
RbPbF3,Rb,,Pb,F,3.5803000000000003,True,-2.708711249999999,0.028875733478666454
KCdF3,K,,Cd,F,3.1997,True,-2.6291,0.013142120478660146
CsMgI3,Cs,,Mg,I,1.2100000000000002,True,-1.3195677499999998,0.046966466790325345
CsPbI3,Cs,,Pb,I,1.8453,True,-1.1151977499999997,0.02599398008198639
RbCdBr3,Rb,,Cd,Br,1.3213,False,-1.37928075,0.06688123544950253
NaRbCo2Br6,Na,Rb,Co,Br,0.0,False,-0.9261344999999999,0.1486875769096656
NaRbCu2Br6,Na,Rb,Cu,Br,0.1506,False,-1.0316562499999997,0.023042636309916986
KCsPb2Br6,K,Cs,Pb,Br,2.3068,True,-1.451294,0.029804458949505896
RbNiF3,Rb,,Ni,F,0.5146999999999999,True,-2.318555,0.030821400478665772
RbCsPb2Br6,Rb,Cs,Pb,Br,2.2211999999999996,True,-1.469284,0.015675643610216117
CsMgF3,Cs,,Mg,F,6.5039,True,-3.3935695000000003,0.07460543106199413
RbMgBr3,Rb,,Mg,Br,2.9212000000000002,True,-1.767606,0.03449567561617073
RbCaBr3,Rb,,Ca,Br,4.2123,True,-2.133428,0.007964492449503258
NaCoF3,Na,,Co,F,0.06309999999999993,False,-2.3535685,0.00827657214899613
NaCuF3,Na,,Cu,F,0.005099999999999993,True,-2.2752107500000003,-0.0326043840176693
CsCdF3,Cs,,Cd,F,3.2561999999999998,True,-2.6468325000000004,0.014191718478659965
CsSrI3,Cs,,Sr,I,3.9546,True,-1.7692714999999999,-0.005389593876339305
KCoCl3,K,,Co,Cl,0.0,False,-1.2468362499999999,0.09881401437147419
KRbMn2F6,K,Rb,Mn,F,1.5177999999999998,False,-2.7843432500000005,0.010120025177966951
CsVCl3,Cs,,V,Cl,0.09350000000000014,True,-1.6580932499999996,0.07504929137147354
KMgF3,K,,Mg,F,6.7942,True,-3.5049620000000004,-0.0007418976880062544
KCaF3,K,,Ca,F,6.5466,False,-3.6803462499999995,0.016663004478664867
RbMnBr3,Rb,,Mn,Br,0.9024000000000001,True,-1.34791125,0.03863209070812346
KCoBr3,K,,Co,Br,0.0,False,-0.9659975000000003,0.12376812478283528
KCuBr3,K,,Cu,Br,0.0,False,-1.0554892500000002,0.02251530944950053
RbCsNi2I6,Rb,Cs,Ni,I,,,,
CsTiBr3,Cs,,Ti,Br,0.0,False,-1.5019054999999994,0.10947233620675689
CsPbBr3,Cs,,Pb,Br,2.0999000000000003,True,-1.4923175,0.00464626173521987
CsCdCl3,Cs,,Cd,Cl,1.7392,True,-1.6697362500000001,0.02759316137146861
CsCoI3,Cs,,Co,I,0.09209999999999985,False,-0.6228545000000004,0.17597252712365563
RbCsCo2Cl6,Rb,Cs,Co,Cl,0.1995,False,-1.2632279999999998,0.1276426206214718
RbCdF3,Rb,,Cd,F,3.1638,True,-2.6349315,0.021557315478658357
KCsMn2Br6,K,Cs,Mn,Br,1.0341,True,-1.353651,0.06073448758311972
KRbNi2F6,K,Rb,Ni,F,0.4606999999999999,False,-2.33191875,0.03179224081199905
RbCsCa2F6,Rb,Cs,Ca,F,6.552199999999999,True,-3.686325,0.001125625000000241
KPbBr3,K,,Pb,Br,2.4212,True,-1.4223402500000002,0.04016341944950108
CsVBr3,Cs,,V,Br,0.09759999999999991,True,-1.3394932499999996,0.06325589144950339
CsSrBr3,Cs,,Sr,Br,4.2379,True,-2.21311725,-0.009937348550494551
KRbSn2Br6,K,Rb,Sn,Br,1.2807,True,-1.38294575,0.018256479319743057
CsCuBr3,Cs,,Cu,Br,0.0,False,-1.1091650000000002,-0.003428357407645244
RbSrCl3,Rb,,Sr,Cl,4.867,True,-2.474772,0.01850212537147433
KRbCo2F6,K,Rb,Co,F,0.0,False,-2.3613127499999997,0.018773431207831592
KRbCd2F6,K,Rb,Cd,F,3.1903,True,-2.63091075,0.018454717978660273
RbCsFe2I6,Rb,Cs,Cs,I,0.023499999999999854,False,-0.6948627499999998,0.13336977645699255
RbMgF3,Rb,,Mg,F,6.838500000000001,True,-3.4689247499999993,0.009952465311993564
CsCrI3,Cs,,Cr,I,0.0,False,-0.8858764999999998,0.08449722945699278
CsNiI3,Cs,,Ni,I,,,,
KCsSr2Br6,K,Cs,Sr,Br,4.2453,False,-2.18512725,0.015667036724749117
CsTiCl3,Cs,,Ti,Cl,0.0,False,-1.6969357500000002,0.23191475754298008
CsBaCl3,Cs,,Ba,Cl,4.824199999999999,True,-2.5098115,0.03461213937147356
RbCrBr3,Rb,,Cr,Br,0.0,False,-1.2815877500000006,0.03914222578283688
RbSrBr3,Rb,,Sr,Br,4.0682,False,-2.1621175000000004,0.026391974449500477
RbCsCu2Br6,Rb,Cs,Cu,Br,0.0,False,-1.1032705,-0.006931750000000569
RbCsSn2Br6,Rb,,Sn,F,1.2219999999999998,True,-1.4077495,0.009219646819744298
KRbZn2F6,K,,Zn,F,3.6116,False,-2.7269617500000005,0.03126438079116234
CsPbF3,Cs,,Pb,F,3.1637,True,-2.7311834999999993,-0.003338530521334704
KCsCr2Br6,K,Cs,Cr,Br,0.0,False,-1.2876512500000004,0.06335610244950374
KCsSn2Br6,K,Cs,Sn,Br,1.2762000000000002,True,-1.3893912500000005,0.027558821319743743
CsNiF3,Cs,,Ni,F,0.45650000000000013,True,-2.249816499999999,0.11305896247866265
CsMnF3,Cs,,Mn,F,2.0218999999999996,True,-2.7600567499999995,0.007384229237282547
RbSnBr3,Rb,,Sn,Br,1.2325000000000002,True,-1.3927559999999999,0.008465304819745612
RbCaF3,Rb,,Ca,F,6.540100000000001,True,-3.6813837500000006,-0.006787086521335084
NaRbCo2F6,Na,Rb,Co,F,0.20750000000000002,True,-2.329056,0.04983334737632816
NaRbCu2F6,Na,Rb,Cu,F,0.0,False,-2.2541382499999996,0.030149875000000215
KNiBr3,K,,Ni,Br,0.0,False,-1.0150870000000005,0.10918584944950327
CsBaF3,Cs,,Ba,F,5.5883,True,-3.5587325,0.05510990547866257
RbCsBa2Br6,Rb,,Ba,F,4.1155,False,-2.2024637500000006,0.050287937449502884
KCsCa2Br6,K,Cs,Ca,Br,4.417199999999999,True,-2.149437,0.011378295724750132
RbCsCu2Cl6,Rb,Cs,Cu,Cl,0.0,False,-1.332656,-0.002862349628526939
NaKCu2F6,Na,K,Cu,F,0.0,False,-2.2722635,0.020859499999999365
RbNiCl3,Rb,,Ni,Cl,0.0,False,-1.288778,0.07097981337147363
RbCsMg2Br6,Rb,Cs,Mg,Br,2.5286,True,-1.7858930000000002,0.03453930540783556
NaCsCo2Cl6,Na,Cs,Co,Cl,0.16809999999999992,False,-1.198655,0.15797528370663905
NaCsCu2Cl6,Na,Cs,Cu,Cl,0.010600000000000054,False,-1.2820884999999997,0.015019574123302348
RbCsSr2F6,Rb,Cs,Sr,F,5.986800000000001,False,-3.6273955,0.03427874847865997
RbCuCl3,Rb,,Cu,Cl,0.0,False,-1.31858825,0.0003185760381358982
KCsCu2Cl6,K,Cs,Cu,Cl,0.0,False,-1.3220737500000002,-0.0010016509618617775
RbPbCl3,Rb,,Pb,Cl,2.8165,True,-1.7011947499999998,0.009376165371475231
KRbPb2Cl6,K,Rb,Pb,Cl,2.8398,True,-1.6970974999999995,0.01343311702772354
RbNiI3,Rb,,Ni,I,,,,
RbCsPb2I6,Rb,Cs,Pb,I,1.8622999999999998,True,-1.084437,0.0405272155194889
KCsMn2F6,K,Cs,Mn,F,1.7276000000000002,False,-2.7708885000000008,0.012059471903947738
KCsCd2F6,K,Cs,Cd,F,3.196,False,-2.6318202499999996,0.019812919478660707
NaKNi2F6,Na,K,Ni,F,0.5396000000000001,True,-2.3229754999999996,0.038379060397164544
RbCuF3,Rb,,Cu,F,0.0,False,-2.2933654999999993,-0.07533466502133646
KRbCo2I6,K,Rb,Co,I,0.0,False,-0.5690665000000003,0.20014065429032435
KRbNi2I6,K,Rb,Ni,I,,,,
CsCuF3,Cs,,Cu,F,0.02520000000000011,True,-2.2551917500000003,-0.026191006188001964
RbSrF3,Rb,,Sr,F,5.6981,False,-3.60725675,0.05928850547866027
RbCuI3,Rb,,Cu,I,0.0,False,-0.7154665999999998,0.09545352179032429
KCsNi2Br6,K,Cs,Ni,Br,0.23809999999999998,False,-1.0384387499999999,0.093074841949504
RbPbI3,Rb,,Pb,I,1.9645000000000001,True,-1.0717012499999998,0.037035450956991234
KRbMn2Br6,K,Rb,Mn,Br,1.141,True,-1.34302275,0.043501515208124175
RbCsMg2I6,Rb,Cs,Mg,I,1.5493,True,-1.3015995,0.05461683779032578
KCsCa2F6,K,Cs,Ca,F,6.513,False,-3.67759825,0.017665127239331113
KCsSn2I6,K,Cs,Sn,I,0.9655,True,-1.0127657499999998,0.037877020327231836
KCsCo2F6,K,Cs,Co,F,0.16849999999999987,False,-2.3369290000000014,0.04636308620782792
CsCuI3,Cs,,Cu,I,0.1046999999999998,True,-0.7549536750000001,0.08273878412365754
KRbCr2Cl6,K,Rb,Cr,Cl,0.0,False,-1.5849815,0.03925577403813829
NaNiF3,Na,,Ni,F,0.8309,True,-2.34252625,0.002137289648997509
CsNiBr3,Cs,,Ni,Br,0.25259999999999994,False,-1.0534387499999998,0.08531558444950349
KRbFe2Br6,K,,Rb,F,0.0,False,-1.0765035000000005,0.1228391284495034
KCsFe2Br6,K,,Cs,F,0.0,False,-1.0977270000000003,0.10883729544950338
KCsSn2Cl6,K,Cs,Sn,Cl,1.9463000000000001,True,-1.6413387499999998,0.018787139741711645
KRbMn2I6,K,Rb,Mn,I,1.1548999999999998,False,-0.9099442500000002,0.06934951421561308
RbCsSn2I6,Rb,Cs,Sn,I,0.9687999999999999,True,-1.0322879999999999,0.02170067682723209
CsSnF3,Cs,,Sn,F,3.6837,True,-2.7307025000000005,-0.02114113247054039
RbCsNi2Br6,Rb,Cs,Ni,Br,0.0,False,-1.031853,0.09967966744950418
KCsSr2Cl6,K,Cs,Sr,Cl,5.2657,False,-2.50007725,0.00902833718573648
RbPbBr3,Rb,,Pb,Br,2.3097,True,-1.4518405,0.019067910449495518
KCsNi2I6,K,Cs,Ni,I,,,,
KRbSn2I6,K,Rb,Sn,I,1.0739,True,-1.0068892499999997,0.03343564132723298
NaRbCo2Cl6,Na,Rb,Co,Cl,0.06259999999999999,False,-1.2052245,0.1381330484566372
NaRbCu2Cl6,Na,Rb,Cu,Cl,0.0,False,-1.2595152500000002,0.02670599978997057
RbCsCu2I6,Rb,Cs,Cu,I,0.0,False,-0.7487945,0.07858008012365714
KCsCu2Br6,K,Cs,Cu,Br,0.0,False,-1.0859130000000001,0.008693247216336353
RbNiBr3,Rb,,Ni,Br,0.2248000000000001,False,-1.04054425,0.08376675044950366
RbCsBa2Cl6,Rb,Cs,Ba,Cl,5.1307,False,-2.5089907499999997,0.03102832337147321
RbBaBr3,Rb,,Ba,Br,3.9695,False,-2.1674335000000005,0.07433945644950057
NaRbNi2F6,Na,Rb,Ni,F,0.5036999999999998,False,-2.2996309999999993,0.04738897006383169
KCrBr3,K,,Cr,Br,0.0,False,-1.2667082500000006,0.053983574782836996
KMnBr3,K,,Mn,Br,1.1760000000000002,True,-1.3383517500000004,0.04815343970812247
RbCsFe2Br6,Rb,,Cs,F,0.05699999999999994,True,-1.10340675,0.10317662094950375
KCsFe2I6,K,,Cs,F,0.0,False,-0.7323927500000004,0.09249386995699238
KCsCu2F6,K,,Cu,F,0.06790000000000007,True,-2.2875685000000003,-0.004455000000000986
KCdCl3,K,,Cd,Cl,2.2016,True,-1.61858875,0.04836547162147076
KCsNi2Cl6,K,Cs,Ni,Cl,0.0,False,-1.277063,0.09256054387147339
RbCsCa2I6,Rb,Cs,Ca,I,4.003299999999999,False,-1.69407325,0.013279690456991844
CsCdI3,Cs,,Cd,I,0.9974,True,-1.027707025,0.09313640720698757
KMgBr3,K,,Mg,Br,3.187,True,-1.7579582500000002,0.044105274616169865
KCdBr3,K,,Cd,Br,2.1311,True,-1.3620705000000002,0.06974467644950222
RbCsNi2Cl6,Rb,,Ni,F,0.0,False,-1.2739172499999998,0.0936988943714736
RbSnI3,Rb,,Sn,I,1.0448999999999997,True,-1.016178,0.027492797827232796
KRbNi2Br6,K,Rb,Ni,Br,0.0,False,-1.0183922500000002,0.10589967494950381
KCsNi2F6,K,Cs,Ni,F,0.2912999999999999,False,-2.295832,0.07462852181199953
KPbCl3,K,,Pb,Cl,2.9715000000000003,True,-1.66937225,0.04042421912147365
KRbMg2Br6,K,Rb,Mg,Br,2.9229,True,-1.76217625,0.03990635011617094
KCsPb2Cl6,K,Cs,Pb,Cl,2.7857999999999996,True,-1.6973487500000004,0.027221632871475165
KRbCu2F6,K,Rb,Cu,F,0.0,False,-2.3014114999999995,0.0007888749999995781
KCsCd2Br6,K,Cs,Cd,Br,1.2368999999999999,False,-1.3830359999999995,0.07032117969950136
NaRbCd2Br6,Na,Rb,Cd,Br,1.7137,False,-1.3300810000000003,0.08284793753466602
RbTiCl3,Rb,,Ti,Cl,0.0,False,-1.797762,0.11569184362872598
RbCsSn2F6,Rb,Cs,Sn,F,3.3383000000000003,False,-2.7105357499999996,0.01012437500000285
KCsBa2Cl6,K,Cs,Ba,Cl,5.1448,True,-2.5010499999999998,0.04097647287147321
KPtCl3,K,,Pt,Cl,0.0,False,-1.1176599999999994,0.18809612137147536
KAgCo2F6,K,Ag,Co,F,0.23399999999999999,False,-1.9702912499999996,0.06706998210366688
KAgZn2F6,K,Ag,Zn,F,2.0277,True,-2.32886475,0.06210971422866374
KRbZn2Cl6,K,Rb,Zn,Cl,3.3499,True,-1.6354979999999995,0.09024596118397543
AgCsCo2F6,Ag,Cs,Co,F,0.017600000000000282,False,-1.8837387500000005,0.14494578260366353
AgCsCd2F6,Ag,Cs,Cd,F,1.6457,False,-2.2245075,0.08458003922866197
KRbFe2I6,K,,Rb,F,0.018399999999999972,False,-0.7056774999999998,0.10889124095699287
KCsTi2Br6,K,Cs,Ti,Br,0.006599999999999939,False,-1.41722125,0.18691584370675685
RbBaF3,Rb,,Ba,F,5.7403,False,-3.553543,0.07004141947866316
KRbSr2Cl6,K,Rb,Sr,Cl,5.2648,True,-2.4895310000000004,0.005750524871474649
KRbV2F6,K,Rb,V,F,0.5174999999999996,True,-2.8324212500000003,0.0792094310828304
NaRbCr2Cl6,Na,Rb,Cr,Cl,0.0,False,-1.5215457500000007,0.0814662296233033
NaRbMn2Cl6,Na,Rb,Mn,Cl,1.3792,True,-1.60111025,0.05258782721526156
NaKMg2Cl6,Na,K,Mg,Cl,4.6382,False,-2.0722569999999996,0.032416271956639875
NaKCr2Cl6,Na,K,Cr,Cl,0.0,False,-1.5139667499999994,0.0672906999566365
RbVF3,Rb,,V,F,0.5373999999999999,True,-2.8277565000000005,0.061072712145326946
KCsMg2F6,K,Cs,Mg,F,6.6846,False,-3.4431895,0.04337896553099885
KCsSr2F6,K,Cs,Sr,F,6.1274999999999995,False,-3.6247479999999994,0.04813254397866018
KRbSn2Cl6,K,Rb,Sn,Cl,2.0705999999999998,True,-1.6290985,0.017771790241711383
RbCsPt2Cl6,Rb,Cs,Pt,Cl,0.0,False,-1.0922017500000003,0.24707042787147415
KCoI3,K,,Co,I,0.0,False,-0.56610525,0.19975599779032382
KNiI3,K,,Ni,I,,,,
RbCsFe2Cl6,Rb,,Cs,F,0.025800000000000045,False,-1.4253694999999993,0.06119072087147348
KCsZn2Cl6,K,Cs,Zn,Cl,3.1595999999999997,True,-1.6369437500000004,0.10212481593397449
RbBaCl3,Rb,,Ba,Cl,4.9722,False,-2.4864170000000003,0.04919750737147277
KBaBr3,K,,Ba,Br,4.4581,True,-2.19677575,0.044959055449500074
RbSnF3,Rb,,Sn,F,3.4833999999999996,True,-2.7106177499999995,-0.020892547836216302
KSnCl3,K,,Sn,Cl,1.9517,True,-1.6205077500000002,0.014970788241713162
CsTiF3,Cs,,Ti,F,0.0,False,-2.8901267500000003,0.25003357565017836
CsVI3,Cs,,V,I,0.1358999999999999,True,-0.8939037499999994,0.1112188424569922
RbCsZn2Cl6,Rb,Cs,Zn,Cl,3.3506,True,-1.6599439999999999,0.08456549118397616
NaKMn2F6,Na,K,Mn,F,1.4091999999999998,False,-2.7573615000000005,0.026716337989115324
RbCsBa2I6,Rb,Cs,Ba,I,3.8042,True,-1.77560125,0.02675738845699316
KCrI3,K,,Cr,I,0.0,False,-0.8155155000000004,0.11485313579032352
KSnI3,K,,Sn,I,1.0709,True,-0.98378175,0.05319723482723271
KRbSr2Br6,K,Rb,Sr,Br,4.4344,True,-2.1811650000000005,0.007325398949500794
KCsV2Br6,K,Cs,V,Br,0.17210000000000036,False,-1.318540999999999,0.07696739894950344
RbCsFe2F6,Rb,,Cs,F,0.14040000000000008,False,-2.412774749999999,0.146522899784868
KCaI3,K,,Ca,I,4.0123,True,-1.6580895000000004,0.03225374845699136
KSrCl3,K,,Sr,Cl,5.269,True,-2.4835209999999996,0.013767924371475004
KCsFe2Cl6,K,Cs,Cs,Cl,0.010000000000000009,False,-1.3960935000000005,0.08170408262147788
RbZnCl3,Rb,,Zn,Cl,3.2095,True,-1.6406044999999998,0.09058038643397515
KCsBa2Br6,K,Cs,Ba,Br,4.3624,True,-2.2087162500000006,0.04401636194950287
NaRbZn2F6,Na,Rb,Zn,F,3.6201,True,-2.688396,0.05149475687632776
NaKCd2F6,Na,K,Cd,F,3.2768,True,-2.6170335000000002,0.03732523206382643
RbPdCl3,Rb,,Pd,Cl,0.0,False,-1.3076279999999998,0.022620232038141896
KRbMg2I6,K,Rb,Mg,I,2.1645000000000003,False,-1.281003,0.061549552290326215
KRbSr2F6,K,Rb,Sr,F,6.1836,False,-3.62319575,0.05455580097866086
KCsCr2I6,K,Cs,Cr,I,0.006400000000000183,False,-0.8336145000000001,0.11675668262365813
KCsCd2I6,K,Cs,Cd,I,1.44,False,-1.0024646750000001,0.09242355908198885
KAgMg2F6,K,Ag,Mg,F,2.8563,False,-3.1002324999999997,0.03337001465599876
KRbCu2I6,K,Rb,Cu,I,0.08609999999999984,False,-0.7243627,0.08321151529032367
NaCsCr2Cl6,Na,Cs,Cr,Cl,0.0,False,-1.5207230000000003,0.0962156576233042
NaCsCd2Cl6,Na,Cs,Cd,Cl,2.206,True,-1.5930695000000004,0.06942832545663435
KRbV2Br6,K,Rb,V,Br,0.32159999999999966,False,-1.3193274999999993,0.07080775328283728
NaCsMg2Cl6,Na,Cs,Mg,Cl,4.0705,False,-2.0628895,0.058476617331639336
NaCsMn2Cl6,Na,Cs,Mn,Cl,1.4367999999999999,False,-1.6094380000000001,0.054111299033440474
KRbPb2F6,K,Rb,Pb,F,3.6051,False,-2.7157797500000003,0.03301352897866572
RbTiF3,Rb,,Ti,F,0.0,False,-2.8177505000000003,0.3014788143168303
RbCsSr2I6,Rb,Cs,Sr,I,3.8009,True,-1.74274125,0.013517574061829851
RbVI3,Rb,,V,I,0.3254999999999999,True,-0.8769100000000002,0.10757683445699229
CsPtCl3,Cs,,Pt,Cl,0.0,False,-1.1641357499999998,0.18836111837147573
RbCdI3,Rb,,Cd,I,1.2443,False,-0.9950371750000002,0.0908459987069885
RbPdF3,Rb,,Pd,F,0.05800000000000005,False,-2.0616502500000005,0.042244636478662834
KPbF3,K,,Pb,F,3.6653000000000002,False,-2.717616249999999,0.04238332447866622
CsZnBr3,Cs,,Zn,Br,2.7412,True,-1.4148487500000002,0.08846727869949689
KCsPd2Cl6,K,Cs,Pd,Cl,0.0,False,-1.3040794999999998,0.03136089553814214
KCdI3,K,,Cd,I,1.23,False,-0.97841755,0.09051548595699144
KRbFe2F6,K,,Rb,F,0.0,False,-2.3846605,0.18024212072866508
KCsZn2F6,K,Cs,Zn,F,3.5587,False,-2.697321999999999,0.060541763041165986
KCsSn2F6,K,Cs,Sn,F,3.3787,False,-2.7119832499999985,0.00938337500000408
RbZnBr3,Rb,,Zn,Br,2.6060999999999996,True,-1.3753645000000003,0.10016307494950238
RbCsV2I6,Rb,Cs,V,I,0.14979999999999993,True,-0.8718684999999994,0.12293621345699268
KSnBr3,K,,Sn,Br,1.3703000000000003,True,-1.374671,0.017140977319745065
RbCsZn2F6,Rb,Cs,Zn,F,3.5592,False,-2.68969425,0.05478905585366256
NaRbMg2F6,Na,Rb,Mg,F,6.4061,True,-3.452377,0.028812956397159972
NaRbCa2F6,Na,Rb,Ca,F,6.1899,False,-3.64758025,0.05373286382449738
NaCsMg2Br6,Na,Cs,Mg,Br,2.7666999999999997,False,-1.7152127499999998,0.07914083649299952
NaCsCa2Br6,Na,Cs,Ca,Br,4.2027,True,-2.0991795000000004,0.03557615230991429
KCsV2I6,K,Cs,V,I,0.2474000000000003,False,-0.8742682499999994,0.11719055695699243
KRbBa2Cl6,K,Rb,Ba,Cl,5.1782,False,-2.4913040000000004,0.04631790687147275
KCrF3,K,,Cr,F,0.3498000000000001,True,-2.7090002500000003,0.10413669881199716
AgMgF3,Ag,,Mg,F,2.1214,True,-2.7117285000000004,0.047180697811994854
AgCoF3,Ag,,Co,F,0.1251000000000002,False,-1.5463475000000002,0.09784694422866913
RbTiBr3,Rb,,Ti,Br,0.0,False,-1.4225637500000006,0.17437075220675702
KRbTi2Cl6,K,Rb,Ti,Cl,0.0,False,-1.7950305,0.12043074312872637
RbVBr3,Rb,,V,Br,0.1881999999999997,True,-1.3187942499999998,0.07320860011617203
RbCaI3,Rb,,Ca,I,4.0437,True,-1.6777430000000002,0.019292061456991583
RbAgMg2F6,Rb,Ag,Mg,F,2.9002,False,-3.0785092500000006,0.0471983468953292
RbAgCa2F6,Rb,Ag,Ca,F,3.0072,True,-3.27987425,0.07182871190244988
KPdBr3,K,,Pd,Br,0.0,False,-1.0782467500000004,0.04491799169949662
KPtBr3,K,,Pt,Br,,,,
CsPdCl3,Cs,,Pd,Cl,0.0,False,-1.3212499999999998,0.025484542038140656
KCsCa2I6,K,Cs,Ca,I,4.0443999999999996,True,-1.6813852500000004,0.02262178395699177
NaRbMn2I6,Na,Rb,Mn,I,1.3699,False,-0.83988625,0.1059579608007768
NaRbCo2I6,Na,Rb,Co,I,0.0,False,-0.5272764999999999,0.20848110087548832
KCsBa2I6,K,Cs,Ba,I,3.7956000000000003,True,-1.76558,0.033432731956993145
CsTiI3,Cs,,Ti,I,0.0,False,-0.9669744999999998,0.1975734982142443
NaRbMg2Cl6,Na,Rb,Mg,Cl,4.3894,False,-2.065501,0.04499270645663911
KRbBa2Br6,K,Rb,Ba,Br,4.3377,True,-2.19798175,0.043772130949501165
RbCsBa2F6,Rb,Cs,Ba,F,5.6504,True,-3.55376975,0.06494366247866257
KSrBr3,K,,Sr,Br,4.4348,True,-2.1733722500000003,0.015099073449500011
KVBr3,K,,V,Br,0.41900000000000004,False,-1.3207985,0.06746915644950313
NaCsCa2Cl6,Na,Cs,Ca,Cl,5.0978,False,-2.42245725,0.03637976977089963
NaKMn2Cl6,Na,K,Mn,Cl,1.4835000000000003,False,-1.6083112500000005,0.037440871340262305
RbCsV2Br6,Rb,Cs,V,Br,0.09089999999999998,False,-1.3242462499999994,0.07312974578283704
RbCsZn2Br6,Rb,Cs,Zn,Br,2.5119,True,-1.386591,0.1028308018245001
KRbFe2Cl6,K,Rb,Rb,Cl,0.0,False,-1.405867,0.06346464287147313
KCaBr3,K,,Ca,Br,4.5976,True,-2.132768,0.008586341449502655
RbCsCr2F6,Rb,Cs,Cr,F,0.0928,False,-2.7012152499999997,0.10423652355273472
NaKNi2Cl6,Na,K,Ni,Cl,0.0,False,-1.22718675,0.11831933595663946
KCsTi2Cl6,K,Cs,Ti,Cl,0.0,False,-1.7920247500000002,0.1311348250858524
KCsPd2Br6,K,Cs,Pd,Br,0.0,False,-1.0997272500000002,0.03890593569949985
RbPdI3,Rb,,Pd,I,0.0,False,-0.8127667499999998,0.04432632370698952
KRbCr2F6,K,Rb,Cr,F,0.24149999999999983,False,-2.706532,0.10508009356199555
CsVF3,Cs,,V,F,0.5191999999999997,True,-2.7894994999999994,0.11161740931200903
NaKCa2Br6,Na,K,Ca,Br,4.375,True,-2.0860790000000002,0.02921569803466717
NaKCo2Br6,Na,K,Co,Br,0.0,False,-0.9317315,0.13197448136799972
RbCsPd2Cl6,Rb,Cs,Pd,Cl,0.0,False,-1.3139035000000003,0.024587887038141965
RbCrI3,Rb,,Cr,I,0.06119999999999992,False,-0.8303955000000005,0.10666494879032351
RbBaI3,Rb,,Ba,I,3.7125999999999997,True,-1.7531052499999997,0.03893550945699342
NaRbMn2F6,Na,Rb,Mn,F,1.3537000000000003,False,-2.7450919999999996,0.03187323070380721
CsZnCl3,Cs,,Zn,Cl,2.6576,True,-1.6635090000000001,0.09432509593397276
NaAgCo2F6,Na,Ag,Co,F,0.02629999999999999,False,-1.9628667500000005,0.06006747735549567
NaAgCu2F6,Na,Ag,Cu,F,0.0,False,-1.8636960000000002,0.04087237348932993
KCsMg2I6,K,Cs,Mg,I,2.3855,False,-1.2840427499999998,0.06882768129032613
KTiCl3,K,,Ti,Cl,0.0,False,-1.79495375,0.12251489262872717
KCsCu2I6,K,Cs,Cu,I,0.20710000000000006,False,-0.7487897000000003,0.07523897362365695
NaMgF3,Na,,Mg,F,7.0552,True,-3.4832569999999996,0.00024569748232750044
NaZnF3,Na,,Zn,F,3.8146000000000004,True,-2.7136539999999996,0.021281840148993147
KRbCa2I6,K,Rb,Ca,I,4.033,True,-1.6674079999999996,0.026281154956992125
KBaCl3,K,,Ba,Cl,5.0872,False,-2.4829642499999998,0.05666505637147301
RbCsCd2I6,Rb,Cs,Cd,I,1.5836000000000001,True,-1.01942355,0.08631474920699134
NaKMn2Br6,Na,K,Mn,Br,1.2942,False,-1.3003622500000005,0.06008329629328735
KAgCa2F6,K,Ag,Ca,F,3.0324999999999998,False,-3.28898625,0.06516035239533213
KRbCr2I6,K,Rb,Cr,I,0.0,False,-0.8239815000000004,0.10973304229032399
RbPtCl3,Rb,,Pt,Cl,0.0,False,-1.1435947499999997,0.1824527373714755
RbCsCr2I6,Rb,Cs,Cr,I,0.0,False,-0.83786825,0.11584883912365829
NaKMg2F6,Na,K,Mg,F,6.7171,True,-3.477606750000001,0.016625598741160985
NaCsCo2Br6,Na,Cs,Co,Br,0.056800000000000184,False,-0.9293689999999998,0.15539213431244336
NaCsSn2Br6,Na,Cs,Sn,Br,1.4129,True,-1.3424234999999995,0.04846692790490836
NaCsCo2I6,Na,,Co,F,0.0,False,-0.5282139999999999,0.2206805840421544
NaCsSn2I6,Na,Cs,Sn,I,1.2904999999999998,True,-0.96371125,0.05348196691239604
NaCoBr3,Na,,Co,Br,0.0,False,-0.9156972500000002,0.12194908795316328
NaCuBr3,Na,,Cu,Br,0.005099999999999993,False,-0.9934142500000004,0.032471022619829704
KRbPb2I6,K,Rb,Pb,I,1.9661000000000002,True,-1.06808475,0.03730604445699193
NaKV2F6,Na,K,V,F,0.6233000000000004,True,-2.8135950000000003,0.1037710853554934
NaMnF3,Na,,Mn,F,1.3276,True,-2.7513265,0.01837421140761375
KCsPb2I6,K,Cs,Pb,I,1.9476,True,-1.08327075,0.03834755901948883
NaKNi2Br6,Na,K,Ni,Br,0.0,False,-0.97018275,0.12803045603466812
KZnCl3,K,,Zn,Cl,3.3732,False,-1.6257290000000002,0.0945740359339724
KMnI3,K,,Mn,I,1.0448,True,-0.8996760000000001,0.07361833921561223
KZnBr3,K,,Zn,Br,2.518,False,-1.350654,0.10997995244950154
KAgCd2F6,K,Ag,Cd,F,1.5913,True,-2.241205,0.05817446839532758
KRbTi2Br6,K,Rb,Ti,Br,0.0,False,-1.4637925000000003,0.13312292670675685
NaCsPb2Br6,Na,Cs,Pb,Br,2.5138000000000003,True,-1.41200475,0.04303406553467015
RbCsTi2Cl6,Rb,Cs,Ti,Cl,0.0,False,-1.7314554999999998,0.1896966755858518
NaRbCa2Cl6,Na,Rb,Ca,Cl,5.182499999999999,True,-2.4180315,0.01970051977090037
KCsSr2I6,K,Cs,Sr,I,3.962,True,-1.73578725,0.01712566756182987
CsZnI3,Cs,,Zn,I,1.8962999999999997,True,-1.0202306,0.10327619045698588
RbCsV2F6,Rb,Cs,V,F,0.43610000000000015,True,-2.8081155000000004,0.09713214589532893
KCsPb2F6,K,Cs,Pb,F,3.5541,False,-2.71872475,0.026866787239331558
RbAgCo2Cl6,Rb,Ag,Co,Cl,0.12170000000000014,False,-0.8991394999999998,0.16254310112147152
RbAgCu2Cl6,Rb,Ag,Cu,Cl,0.0,False,-0.96393375,0.040612552454804884
NaKFe2F6,Na,,K,F,,,,
NaRbNi2Cl6,Na,Rb,Ni,Cl,0.0,False,-1.2168354999999997,0.12666318645663965
NaRbCr2Br6,Na,Rb,Cr,Br,0.0,False,-1.2199555000000004,0.07469575686800045
NaRbMn2Br6,Na,Rb,Mn,Br,1.2467,False,-1.2986972500000007,0.061767371793287396
KRbSn2F6,K,Rb,Sn,F,3.5517,False,-2.7117547500000008,-0.00043050000000022237
RbCrF3,Rb,,Cr,F,0.22630000000000017,False,-2.7018905,0.09865452131199337
RbAgZn2F6,Rb,Ag,Zn,F,2.1107,False,-2.3123467500000006,0.06963909477032626
NaRbPb2Cl6,Na,Rb,Pb,Cl,2.9983,False,-1.6517642499999998,0.03969034945664118
RbAgNi2F6,Rb,Ag,Ni,F,0.3359000000000003,True,-1.92060975,0.08518347897866185
NaKCa2F6,Na,K,Ca,F,6.477399999999999,False,-3.6593599999999995,0.049765866063831155
KRbPd2I6,K,Rb,Pd,I,0.0,False,-0.75100625,0.10044017333199085
KSrF3,K,,Sr,F,6.2387999999999995,True,-3.62532025,0.06363759647866019
RbCsPd2Br6,Rb,Cs,Pd,Br,0.0,False,-1.1157267500000003,0.027738758199501223
NaRbFe2I6,Na,,Rb,F,0.0,False,-0.6611619999999998,0.11995718754215678
NaAgZn2F6,Na,Ag,Zn,F,1.9179,False,-2.323494,0.05502532481382616
NaKV2Cl6,Na,K,V,Cl,0.5486,False,-1.6214925,0.03681063095663717
NaKFe2Br6,Na,,K,F,0.008000000000000007,True,-1.0609332500000002,0.11233065953466781
KCsTi2I6,K,Cs,Ti,I,0.01639999999999997,False,-0.9885982500000005,0.16228596271424456
RbAgCo2F6,Rb,Ag,Co,F,0.16240000000000032,True,-1.9527657499999989,0.07776776782865813
NaKTi2F6,Na,K,Ti,F,,,,
KPdCl3,K,,Pd,Cl,0.0,False,-1.2866752499999996,0.037470999038140995
RbCsTi2I6,Rb,Cs,Ti,I,0.05009999999999959,False,-0.9573089999999997,0.19692111921424527
NaRbSn2Br6,Na,Rb,Sn,Br,1.4965,True,-1.3330870000000004,0.04205558590490721
RbCsPd2I6,Rb,Cs,Pd,I,0.0,False,-0.8251210000000008,0.04601942020698857
NaCoCl3,Na,,Co,Cl,0.0,False,-1.21658725,0.09252996154180648
NaNiCl3,Na,,Ni,Cl,0.0,False,-1.2014492500000002,0.12579030954180537
NaCsV2Cl6,Na,Cs,V,Cl,0.22699999999999987,False,-1.5972254999999997,0.09018589345663752
NaRbNi2I6,Na,Rb,Ni,I,,,,
NaTiF3,Na,,Ti,F,0.0,False,-2.88771275,0.24061829065383122
NaCsCu2Br6,Na,Cs,Cu,Br,0.016999999999999987,True,-1.0433512499999995,0.025195353801501064
CsPdBr3,Cs,,Pd,Br,0.0,False,-1.1024055000000001,0.051696129699500215
NaRbCd2F6,Na,Rb,Cd,F,3.1906,True,-2.6080385,0.05344357956382506
KRbBa2F6,K,Rb,Ba,F,5.7269000000000005,False,-3.5527425,0.08204821497866366
AgCsCu2F6,Ag,Cs,Cu,F,0.0,False,-1.8447445000000002,0.054207225828658334
NaKMg2Br6,Na,K,Mg,Br,3.1481999999999997,False,-1.7090290000000004,0.06697488120133466
RbPdBr3,Rb,,Pd,Br,0.0,False,-1.10562475,0.027204636699499574
NaRbNi2Br6,Na,Rb,Ni,Br,0.0,False,-0.9658882500000004,0.132344031534668
NaKMn2I6,Na,K,Mn,I,0.7559999999999998,False,-0.836956,0.1028887858007761
NaKCo2I6,Na,K,Co,I,0.0,False,-0.5298797499999999,0.2025319443754885
KPdF3,K,,Pd,F,0.8738,True,-2.1161992499999998,-0.021586937521336225
NaCsCo2F6,Na,Cs,Co,F,0.1261000000000001,False,-2.2679485,0.10039653262632875
NaCsCd2F6,Na,Cs,Cd,F,3.012,False,-2.59599875,0.06775103106382607
NaKCu2Br6,Na,K,Cu,Br,0.21669999999999995,False,-1.03705025,0.01489466603466516
NaKSn2Br6,Na,K,Sn,Br,1.7549,False,-1.3317792500000003,0.0339730839049075
NaAgMg2F6,Na,Ag,Mg,F,2.8669000000000002,False,-3.09391125,0.03317493214716194
NaAgNi2F6,Na,Ag,Ni,F,0.7996000000000003,True,-1.9449502500000002,0.04329677431383061
KCsV2F6,K,Cs,V,F,0.35999999999999943,False,-2.8123257500000003,0.10720057281200024
KAgCu2F6,K,Ag,Cu,F,0.0,False,-1.8834075000000001,0.03907312348933001
RbCsTi2F6,Rb,Cs,Ti,F,,,,
KCsBa2F6,K,Cs,Ba,F,5.6909,False,-3.5517332500000007,0.07818645797866264
NaCsMn2I6,Na,Cs,Mn,I,0.9187000000000003,False,-0.8756575000000002,0.08792475613410788
KVF3,K,,V,F,0.5495000000000005,True,-2.83705,0.0817344790203327
NaCsCu2F6,Na,Cs,Cu,F,0.0,False,-2.240477,0.024724250000000225
LiKCo2Cl6,Li,K,Co,Cl,0.0,False,-1.1836422499999997,0.13756669137147437
LiKCu2Cl6,Li,K,Cu,Cl,0.0,False,-1.2330047499999999,0.03832015187147331
NaKNi2I6,Na,K,Ni,I,,,,
NaCsCd2Br6,Na,Cs,Cd,Br,1.6394,False,-1.3358075000000007,0.0914900362846649
NaCsCr2Br6,Na,Cs,Cr,Br,0.0,False,-1.2229087499999998,0.10203895903466886
NaCsMn2Br6,Na,Cs,Mn,Br,1.2812000000000001,False,-1.3066570000000006,0.08166884416828424
NaCsSr2Br6,Na,Cs,Sr,Br,4.2078999999999995,True,-2.14424975,0.030484893309913108
KCuI3,K,,Cu,I,0.0737000000000001,False,-0.7112735749999999,0.08557697812365772
NaCuCl3,Na,,Cu,Cl,0.0,False,-1.2429567499999998,0.010578923541805452
KRbPd2Br6,K,Rb,Pd,Br,0.0,False,-1.0920855,0.035911564199500035
KRbPt2Br6,K,Rb,Pt,Br,,,,
RbCsPt2Br6,Rb,Cs,Pt,Br,,,,
NaCdF3,Na,,Cd,F,3.3086,False,-2.6136877499999995,0.05278759364899299
KCsFe2F6,K,,Cs,F,0.03249999999999975,False,-2.4180210000000004,0.152360517728666
NaKCd2Br6,Na,K,Cd,Br,1.7680000000000002,False,-1.3238855,0.08187003303466556
NaCsNi2I6,Na,Cs,Ni,I,,,,
KTiF3,K,,Ti,F,0.0,False,-3.00086625,0.14949413015016688
KRbSr2I6,K,Rb,Sr,I,3.9278999999999997,True,-1.72007725,0.019822991623660524
NaRbV2Cl6,Na,Rb,V,Cl,0.4632999999999998,False,-1.61048125,0.05046449445663903
KPdI3,K,,Pd,I,0.16480000000000006,True,-0.775807,0.06999277295699136
RbAgCd2F6,Rb,Ag,Cd,F,1.5432000000000001,False,-2.22785525,0.07903797772866072
KAgNi2F6,K,Ag,Ni,F,0.5279,True,-1.9417454999999997,0.06727331750644083
KSnF3,K,,Sn,F,3.6111,False,-2.7120307500000003,-0.020751833836215816
NaRbCd2Cl6,Na,Rb,Cd,Cl,2.3059000000000003,True,-1.58835975,0.0605786021233059
CsPtBr3,Cs,,Pt,Br,,,,
KRbTi2F6,K,Rb,Ti,F,0.0,False,-2.9527970000000003,0.19458016556683333
RbSrI3,Rb,,Sr,I,3.9758999999999998,True,-1.7335239999999998,0.0097221481236609
KCsPd2I6,K,Cs,Pd,I,0.03729999999999967,False,-0.7939027500000002,0.07159101983198823
KCsPt2Cl6,K,Cs,Pt,Cl,0.0,False,-1.1264187499999998,0.20270774487147447
NaCsNi2Br6,Na,Cs,Ni,Br,0.0,False,-0.9626055000000001,0.14284844853466794
KRbCd2I6,K,Rb,Cd,I,1.5185,False,-0.9914538999999998,0.08595420483199057
NaKCd2Cl6,Na,K,Cd,Cl,2.6033,True,-1.59323175,0.054078480581636335
NaRbFe2Br6,Na,,Rb,F,0.0,False,-1.07375325,0.09952973503466733
NaKPb2Br6,Na,K,Pb,Br,2.7558000000000002,False,-1.40050575,0.03593827603466515
NaCsCu2I6,Na,Cs,Cu,I,0.0,False,-0.6720812500000001,0.11849787020882108
NaCsMn2F6,Na,Cs,Mn,F,1.6081999999999996,True,-2.7263635,0.042207345322449186
LiRbCo2Cl6,Li,Rb,Co,Cl,0.1279999999999999,False,-1.1716085,0.16557425187147157
LiRbCu2Cl6,Li,Rb,Cu,Cl,0.01100000000000001,False,-1.2194600000000002,0.0605864532048046
KTiBr3,K,,Ti,Br,0.0,False,-1.4609920000000003,0.13590435120675703
NaKCr2Br6,Na,K,Cr,Br,0.0,False,-1.2194735,0.0751586813680003
RbPtBr3,Rb,,Pt,Br,,,,
NaCsNi2F6,Na,Cs,Ni,F,0.057700000000000085,False,-2.2538605000000005,0.0999090010638275
KCsZn2Br6,K,Cs,Zn,Br,2.7417,True,-1.38685425,0.0951207405744996
KRbZn2Br6,K,Rb,Zn,Br,2.7857,False,-1.3682077500000005,0.09987301369950163
NaMnBr3,Na,,Mn,Br,1.3605,True,-1.2749805000000003,0.05940540287845142
KMgI3,K,,Mg,I,2.3631,True,-1.2753492499999999,0.0638573957903259
NaCsNi2Cl6,Na,Cs,Ni,Cl,0.0,False,-1.22554375,0.1258132674566399
NaCsFe2Br6,Na,,Cs,F,0.011699999999999988,False,-1.0968164999999999,0.0836881520346675
NaRbSn2I6,Na,Rb,Sn,I,1.1325999999999998,True,-0.9380059999999997,0.06886933791239702
KRbPt2Cl6,K,Rb,Pt,Cl,,,,
NaRbMg2Br6,Na,Rb,Mg,Br,3.1895,False,-1.7171607500000001,0.058862206701334685
NaRbCa2Br6,Na,Rb,Ca,Br,4.3388,False,-2.0885815,0.02673227353466734
KPbI3,K,,Pb,I,2.0038,True,-1.0582930000000002,0.04375188795699092
NaKCa2Cl6,Na,K,Ca,Cl,5.3129,False,-2.417943,0.012165565956637092
NaCsPb2Cl6,Na,Cs,Pb,Cl,3.0359,False,-1.66267275,0.04363110645664037
KRbBa2I6,K,Rb,Ba,I,3.9145,True,-1.7572092500000003,0.03148560295699321
RbAgCu2F6,Rb,Ag,Cu,F,0.04390000000000005,True,-1.8671090000000004,0.046536748489329316
KRbPd2Cl6,K,Rb,Pd,Cl,0.0,False,-1.2972342499999996,0.029962990538142886
KAgCo2Cl6,K,Ag,Co,Cl,0.04159999999999986,False,-0.9124632499999997,0.13324554062147476
KAgCu2Cl6,K,Ag,Cu,Cl,0.0,False,-0.9658417499999998,0.02998300112147323
NaRbPb2Br6,Na,Rb,Pb,Br,2.5032,False,-1.40172175,0.03892464653466332
NaCsFe2I6,Na,,Cs,F,,,,
